"parameter","Penh"
"unit",NA
NA,NA
NA,NA
"a1 baseline",NA
NA,0.47
NA,0.41
NA,0.42
NA,0.34
NA,0.4
NA,0.49
NA,0.28
NA,0.41
NA,0.34
NA,0.47
NA,0.38
NA,0.35
NA,0.39
NA,0.3
NA,0.48
NA,0.32
NA,0.39
NA,0.2
NA,0.31
NA,0.34
NA,0.49
NA,0.39
NA,0.18
NA,0.32
NA,0.44
NA,0.45
"a1 baseline",NA
NA,NA
NA,0.33
NA,0.44
NA,NA
"a2 baseline",NA
NA,0.46
NA,0.45
NA,0.49
NA,0.45
NA,0.48
NA,0.36
NA,0.38
NA,0.34
NA,0.46
NA,0.47
NA,0.34
NA,0.42
NA,0.29
NA,0.38
NA,0.37
NA,0.36
NA,0.47
NA,0.39
NA,0.3
NA,0.35
NA,0.46
NA,0.31
NA,0.38
NA,0.31
NA,0.39
NA,0.38
NA,0.28
NA,0.37
"a2 baseline",NA
NA,NA
NA,0.42
NA,NA
"a3 baseline",NA
NA,0.48
NA,0.53
NA,0.72
NA,0.42
NA,0.5
NA,0.46
NA,0.59
NA,0.45
NA,0.42
NA,0.4
NA,0.54
NA,0.36
NA,0.45
NA,0.58
NA,0.45
NA,0.45
NA,0.41
NA,0.31
NA,0.46
NA,0.35
NA,0.37
NA,0.36
NA,0.58
NA,0.42
NA,0.35
"a3 baseline",NA
NA,NA
NA,0.47
NA,NA
"a4 baseline",NA
NA,0.47
NA,0.5
NA,0.55
NA,0.41
NA,0.4
NA,0.24
NA,0.4
NA,0.46
NA,0.38
NA,0.39
NA,0.44
NA,0.41
NA,0.43
NA,0.53
NA,0.59
NA,0.42
NA,0.48
NA,0.39
NA,0.58
NA,0.44
NA,0.47
NA,0.36
NA,0.49
NA,0.48
NA,0.43
NA,0.42
"a4 baseline",NA
NA,NA
NA,1.03
NA,0
NA,0
NA,0
NA,NA
"d1 baseline",NA
NA,0.49
NA,0.66
NA,0.46
NA,0.45
NA,0.53
NA,0.53
NA,0.39
NA,0.48
NA,0.41
NA,0.34
NA,0.37
NA,0.49
NA,0.64
NA,0.46
NA,0.44
NA,0.53
NA,0.49
NA,0.51
NA,0.48
NA,0.44
NA,0.45
NA,0.47
NA,0.37
NA,0.43
"d1 baseline",NA
NA,NA
NA,0.45
NA,NA
"d2 baseline",NA
NA,0.46
NA,0.56
NA,0.47
NA,0.4
NA,0.5
NA,0.5
NA,0.43
NA,0.49
NA,0.53
NA,0.47
NA,0.44
NA,0.47
NA,0.45
NA,0.41
NA,0.57
NA,0.43
NA,0.45
NA,0.38
NA,0.46
NA,0.4
NA,0.39
NA,0.38
NA,0.32
NA,0.42
"d2 baseline",NA
NA,NA
NA,2.2
NA,NA
"d3 baseline",NA
NA,0.61
NA,0.39
NA,0.66
NA,0.59
NA,0.58
NA,0.51
NA,0.58
NA,0.5
NA,0.63
NA,0.31
NA,0.19
NA,0.41
NA,0.54
NA,0.58
NA,0.47
NA,0.44
NA,0.45
NA,0.56
NA,0.53
NA,0.44
NA,0.5
NA,0.55
NA,0.35
NA,0.41
NA,0.48
"d3 baseline",NA
NA,NA
NA,1.33
NA,NA
"d4 baseline",NA
NA,0.56
NA,0.53
NA,0.47
NA,0.59
NA,0.56
NA,0.48
NA,0.48
NA,0.48
NA,0.55
NA,0.57
NA,0.51
NA,0.56
NA,0.49
NA,0.52
NA,0.78
NA,0.62
NA,0.48
NA,0.53
NA,0.48
NA,0.38
NA,0.78
NA,0.44
NA,0.45
NA,0.5
"d4 baseline",NA
NA,NA
NA,0.46
NA,NA
"d5 baseline",NA
NA,0.39
NA,0.44
NA,0.48
NA,0.52
NA,0.45
NA,0.5
NA,0.37
NA,0.35
NA,0.41
NA,0.45
NA,0.37
NA,0.39
NA,0.31
NA,0.43
NA,0.47
NA,0.45
NA,0.44
NA,0.37
NA,0.38
NA,0.51
NA,0.37
NA,0.44
NA,0.48
NA,0.37
"d5 baseline",NA
NA,NA
NA,0.47
NA,NA
"v1 baseline",NA
NA,0.42
NA,0.48
NA,0.43
NA,0.41
NA,0.4
NA,0.49
NA,0.54
NA,0.56
NA,0.38
NA,0.44
NA,0.5
NA,0.38
NA,0.36
NA,0.41
NA,0.39
NA,0.36
NA,0.43
NA,0.36
NA,0.35
NA,0.54
NA,0.34
NA,0.5
NA,0.35
NA,0.42
NA,0.35
"v1 baseline",NA
NA,NA
NA,0.51
NA,NA
"v2 baseline",NA
NA,0.49
NA,0.44
NA,0.38
NA,0.47
NA,0.49
NA,0.47
NA,0.45
NA,0.5
NA,0.44
NA,0.5
NA,0.43
NA,0.46
NA,0.46
NA,0.54
NA,0.56
NA,0.5
NA,0.41
NA,0.45
NA,0.37
NA,0.53
NA,0.54
NA,0.53
NA,0.43
NA,0.38
"v2 baseline",NA
NA,NA
NA,0.87
NA,NA
"v3 baseline",NA
NA,0.58
NA,0.51
NA,0.46
NA,0.49
NA,0.51
NA,0.42
NA,0.42
NA,0.46
NA,0.49
NA,0.44
NA,0.39
NA,0.38
NA,0.42
NA,0.4
NA,0.4
NA,0.33
NA,0.46
NA,0.35
NA,0.39
NA,0.35
NA,0.39
NA,0.28
NA,0.4
NA,0.27
"v3 baseline",NA
NA,NA
NA,0.56
NA,NA
"hdv1 baseline",NA
NA,0.49
NA,0.47
NA,0.65
NA,0.55
NA,0.45
NA,0.47
NA,0.41
NA,0.47
NA,0.45
NA,0.4
NA,0.47
NA,0.52
NA,0.5
NA,0.43
NA,0.93
NA,0.48
NA,0.43
NA,0.47
NA,0.38
NA,0.51
NA,0.51
NA,0.48
NA,0.64
NA,0.48
"hdv1 baseline",NA
NA,NA
NA,0.57
NA,NA
"hdv2 baseline",NA
NA,0.57
NA,0.57
NA,0.49
NA,0.5
NA,0.51
NA,0.46
NA,0.47
NA,0.45
NA,0.53
NA,0.49
NA,0.44
NA,0.44
NA,0.38
NA,0.61
NA,0.33
NA,0.45
NA,0.5
NA,0.51
NA,0.4
NA,0.54
NA,0.32
NA,0.45
NA,0.63
NA,0.76
"hdv2 baseline",NA
NA,NA
NA,NA
"hdv3 baseline",NA
NA,0.46
NA,0.39
NA,0.46
NA,0.35
NA,0.39
NA,0.35
NA,0.4
NA,0.38
NA,0.35
NA,0.35
NA,0.42
NA,0.41
NA,0.36
NA,0.3
NA,0.34
NA,0.34
NA,0.33
NA,0.44
NA,0.36
NA,0.33
NA,0.33
NA,0.33
NA,0.34
NA,0.31
"hdv3 baseline",NA
NA,NA
NA,NA
"hdv4 baseline",NA
NA,0.57
NA,0.46
NA,0.52
NA,0.48
NA,0.53
NA,0.37
NA,0.47
NA,0.48
NA,0.4
NA,0.53
NA,0.39
NA,0.46
NA,0.56
NA,0.39
NA,0.41
NA,0.42
NA,0.39
NA,0.43
NA,0.46
NA,0.4
NA,0.4
NA,0.44
NA,0.45
NA,0.3
"hdv4 baseline",NA
NA,NA
NA,0.46
NA,0
NA,0
NA,0
NA,0
NA,0
NA,0
NA,0
NA,0.61
NA,NA
"a1  6.25",NA
NA,0.49
NA,0.84
NA,0.53
NA,0.37
NA,0.58
NA,0.63
NA,0.49
NA,0.3
NA,0.46
NA,0.42
NA,0.68
NA,0.64
NA,0.51
NA,0.6
NA,0.62
NA,0.62
NA,0.54
NA,1.46
NA,0.22
NA,0.59
NA,0.22
NA,0.43
NA,0.61
NA,0.71
NA,0.22
NA,0.24
NA,0.21
NA,0.35
NA,0.39
NA,0.62
"a1  6.25",NA
NA,NA
NA,1.12
NA,NA
"a2 6.25",NA
NA,0.41
NA,0.36
NA,0.45
NA,0.37
NA,0.33
NA,0.43
NA,0.33
NA,0.31
NA,0.38
NA,0.49
NA,0.37
NA,0.34
NA,0.3
NA,0.39
NA,0.35
NA,0.46
NA,0.44
NA,0.44
NA,0.51
NA,0.55
NA,0.6
NA,0.57
NA,0.48
NA,0.36
NA,0.37
NA,0.39
NA,0.4
NA,0.32
NA,0.32
NA,0.31
"a2 6.25",NA
NA,NA
NA,NA
"a3 6.25",NA
NA,0.97
NA,0.89
NA,0.6
NA,0.7
NA,0.84
NA,0.94
NA,0.75
NA,0.6
NA,0.68
NA,0.46
NA,0.72
NA,1.07
NA,0.46
NA,0.47
NA,0.49
NA,0.45
NA,0.42
NA,0.52
NA,0.64
NA,0.37
NA,0.44
NA,0.6
NA,0.38
NA,0.42
NA,0.64
NA,0.52
NA,0.58
NA,0.96
NA,0.59
NA,0.5
"a3 6.25",NA
NA,NA
NA,NA
"a4 6.25",NA
NA,0.58
NA,0.52
NA,0.49
NA,0.54
NA,0.53
NA,0.57
NA,0.42
NA,0.57
NA,0.51
NA,0.43
NA,0.42
NA,0.67
NA,0.61
NA,0.54
NA,0.43
NA,0.48
NA,0.39
NA,0.43
NA,0.5
NA,0.47
NA,0.46
NA,0.52
NA,0.45
NA,0.47
NA,0.42
NA,0.46
NA,0.53
NA,0.34
NA,0.4
NA,0.64
NA,0.45
"a4 6.25",NA
NA,NA
NA,0.7
NA,NA
"d1 6.25",NA
NA,0.47
NA,0.44
NA,0.59
NA,0.49
NA,0.29
NA,0.72
NA,0.6
NA,0.62
NA,0.41
NA,0.48
NA,0.52
NA,0.49
NA,0.56
NA,0.6
NA,0.59
NA,0.46
NA,0.73
NA,0.93
NA,0.62
NA,0.8
NA,0.53
NA,0.52
NA,0.76
NA,0.67
NA,0.48
NA,0.49
NA,0.57
NA,0.53
NA,0.52
NA,0.43
NA,0.78
"d1 6.25",NA
NA,NA
NA,0.46
NA,0.63
NA,NA
"d2  6.25",NA
NA,0.53
NA,0.35
NA,0.54
NA,0.79
NA,0.84
NA,0.65
NA,0.48
NA,0.5
NA,0.5
NA,0.53
NA,0.52
NA,0.69
NA,0.76
NA,0.49
NA,0.37
NA,0.52
NA,0.61
NA,0.51
NA,0.61
NA,0.51
NA,0.6
NA,0.42
NA,0.44
NA,0.45
NA,0.84
NA,0.99
NA,0.53
NA,0.48
NA,0.49
NA,0.46
"d2  6.25",NA
NA,NA
NA,0.41
NA,0
NA,NA
"d3  6.25",NA
NA,0.76
NA,0.71
NA,0.57
NA,0.86
NA,0.6
NA,0.61
NA,0.88
NA,0.91
NA,0.69
NA,0.81
NA,0.61
NA,0.75
NA,0.61
NA,0.65
NA,0.68
NA,0.75
NA,0.81
NA,0.73
NA,0.71
NA,0.57
NA,1.11
NA,0.76
NA,0.65
NA,0.37
NA,0.77
NA,0.69
NA,0.61
NA,0.5
NA,0.7
NA,0.64
"d3  6.25",NA
NA,NA
NA,0.57
NA,NA
"d4 6.25",NA
NA,0.65
NA,0.75
NA,0.67
NA,0.61
NA,0.7
NA,0.62
NA,0.74
NA,0.86
NA,0.66
NA,0.72
NA,0.8
NA,0.77
NA,1.26
NA,1.21
NA,0.9
NA,0.92
NA,0.69
NA,0.66
NA,0.61
NA,0.59
NA,0.63
NA,0.74
NA,0.49
NA,0.69
NA,0.68
NA,0.69
NA,0.62
NA,0.58
NA,0.6
NA,0.6
"d4 6.25",NA
NA,NA
NA,1.05
NA,NA
"d5 6.25",NA
NA,0.44
NA,0.42
NA,0.45
NA,0.47
NA,0.35
NA,0.66
NA,0.47
NA,0.48
NA,0.48
NA,0.45
NA,0.47
NA,0.33
NA,0.39
NA,0.41
NA,0.34
NA,0.42
NA,0.49
NA,0.59
NA,0.55
NA,0.61
NA,0.47
NA,0.4
NA,0.56
NA,0.7
NA,0.37
NA,0.4
NA,0.5
NA,0.48
NA,0.51
NA,0.61
NA,0.38
NA,0.41
NA,0.4
NA,0.58
"d5 6.25",NA
NA,NA
NA,NA
"v1 6.25",NA
NA,0.69
NA,0.41
NA,0.37
NA,0.63
NA,0.65
NA,0.57
NA,0.47
NA,0.47
NA,0.48
NA,0.54
NA,0.71
NA,0.63
NA,0.75
NA,0.7
NA,0.88
NA,1.02
NA,0.87
NA,1.11
NA,0.98
NA,0.96
NA,0.93
NA,0.84
NA,0.59
NA,0.44
NA,0.48
NA,0.58
NA,0.67
NA,0.68
NA,0.62
NA,0.64
"v1 6.25",NA
NA,NA
NA,0.71
NA,NA
"v2 6.25",NA
NA,0.6
NA,0.53
NA,0.49
NA,0.51
NA,0.54
NA,0.61
NA,0.53
NA,0.51
NA,0.57
NA,0.62
NA,0.52
NA,0.47
NA,0.45
NA,0.76
NA,0.5
NA,0.39
NA,0.71
NA,0.62
NA,0.57
NA,0.72
NA,0.85
NA,0.59
NA,0.6
NA,0.72
NA,0.55
NA,0.47
NA,0.56
NA,0.42
NA,0.35
NA,0.63
"v2 6.25",NA
NA,NA
NA,0.6
NA,0.56
NA,NA
"v3 6.25",NA
NA,0.57
NA,0.45
NA,0.54
NA,0.47
NA,0.5
NA,0.48
NA,0.62
NA,0.49
NA,0.4
NA,0.6
NA,0.43
NA,0.56
NA,0.52
NA,0.86
NA,0.54
NA,0.47
NA,0.51
NA,0.62
NA,0.61
NA,0.61
NA,0.53
NA,0.58
NA,0.53
NA,0.46
NA,0.46
NA,0.61
NA,0.48
NA,0.75
NA,0.85
NA,0.62
NA,0.53
"v3 6.25",NA
NA,NA
NA,0.74
NA,0.7
NA,NA
"hdv1 6.25",NA
NA,0.63
NA,0.63
NA,0.61
NA,0.64
NA,0.53
NA,0.76
NA,0.96
NA,0.8
NA,0.7
NA,0.91
NA,0.65
NA,0.47
NA,0.85
NA,1.12
NA,0.61
NA,0.59
NA,1.08
NA,0.89
NA,0.82
NA,0.68
NA,0.63
NA,0.54
NA,0.67
NA,0.46
NA,0.85
NA,1.2
NA,0.83
NA,0.59
NA,0.67
NA,0.41
"hdv1 6.25",NA
NA,NA
NA,0.65
NA,NA
"hdv2 6.25",NA
NA,0.51
NA,0.64
NA,0.49
NA,0.43
NA,0.41
NA,0.65
NA,0.56
NA,0.53
NA,0.42
NA,0.4
NA,0.82
NA,0.87
NA,1.11
NA,0.94
NA,0.68
NA,0.55
NA,0.58
NA,0.43
NA,0.45
NA,0.54
NA,0.43
NA,0.46
NA,0.5
NA,0.46
NA,0.29
NA,0.45
NA,0.62
NA,0.64
NA,0.49
NA,0.33
NA,0.4
NA,0.55
"hdv2 6.25",NA
NA,NA
NA,0.58
NA,NA
"hdv3 6.25",NA
NA,0.4
NA,0.41
NA,0.44
NA,0.46
NA,0.33
NA,0.34
NA,0.38
NA,0.3
NA,0.39
NA,0.28
NA,0.71
NA,0.86
NA,0.59
NA,0.4
NA,0.38
NA,0.39
NA,0.37
NA,0.32
NA,0.4
NA,0.39
NA,0.38
NA,0.42
NA,0.42
NA,0.4
NA,0.46
NA,0.42
NA,0.47
NA,0.42
NA,0.35
NA,0.31
"hdv3 6.25",NA
NA,NA
NA,NA
"hdv4 6.25",NA
NA,0.46
NA,0.54
NA,0.51
NA,0.49
NA,0.47
NA,0.6
NA,0.54
NA,0.51
NA,0.79
NA,0.75
NA,0.74
NA,0.8
NA,0.73
NA,0.56
NA,0.55
NA,0.55
NA,0.45
NA,0.44
NA,0.51
NA,0.47
NA,0.45
NA,0.37
NA,0.6
NA,0.55
NA,0.62
NA,0.53
NA,0.81
NA,1
NA,0.62
NA,0.59
NA,0.57
NA,0.48
NA,0.49
NA,0.49
"hdv4 6.25",NA
NA,NA
NA,0.63
NA,0.48
NA,NA
"a1 12.5",NA
NA,0.44
NA,0.46
NA,0.27
NA,0.45
NA,0.48
NA,0.44
NA,0.45
NA,0.35
NA,0.44
NA,0.81
NA,0.43
NA,0.42
NA,0.43
NA,0.47
NA,0.4
NA,0.35
NA,0.5
NA,0.31
NA,0.3
NA,0.36
NA,0.63
NA,0.3
NA,0.37
NA,0.47
NA,0.61
NA,0.9
NA,0.44
NA,0.32
NA,0.4
NA,0.32
"a1 12.5",NA
NA,NA
NA,0.49
NA,NA
"a2 12.5",NA
NA,0.45
NA,0.53
NA,0.49
NA,0.53
NA,0.47
NA,0.66
NA,0.53
NA,0.46
NA,0.43
NA,0.43
NA,0.69
NA,0.51
NA,0.49
NA,0.35
NA,0.45
NA,0.31
NA,0.67
NA,0.6
NA,0.46
NA,0.59
NA,0.76
NA,0.33
NA,0.37
NA,0.44
NA,0.53
NA,0.39
NA,0.42
NA,0.44
NA,0.61
NA,0.73
"a2 12.5",NA
NA,NA
NA,0.7
NA,NA
"a3 12.5",NA
NA,0.58
NA,0.49
NA,0.6
NA,0.37
NA,0.44
NA,0.54
NA,0.45
NA,0.4
NA,0.39
NA,0.34
NA,0.48
NA,0.69
NA,0.52
NA,0.54
NA,0.65
NA,0.46
NA,0.57
NA,0.64
NA,0.53
NA,0.57
NA,0.45
NA,0.56
NA,0.38
NA,0.37
NA,0.39
NA,0.33
NA,0.35
NA,0.49
NA,0.64
NA,0.74
"a3 12.5",NA
NA,NA
NA,0.63
NA,NA
"a4 12.5",NA
NA,0.59
NA,0.59
NA,0.51
NA,0.6
NA,0.9
NA,0.81
NA,0.63
NA,0.52
NA,0.35
NA,0.29
NA,0.43
NA,0.76
NA,0.89
NA,0.55
NA,0.88
NA,1.01
NA,1.08
NA,0.65
NA,0.71
NA,0.48
NA,0.52
NA,0.46
NA,0.5
NA,0.52
NA,0.69
NA,0.57
NA,0.39
NA,0.44
NA,0.58
NA,0.48
"a4 12.5",NA
NA,NA
NA,1.43
NA,NA
"a1 50",NA
NA,1.88
NA,1.47
NA,1.25
NA,1.33
NA,0.74
NA,1.02
NA,1.21
NA,1.07
NA,1.36
NA,1.62
NA,1.4
NA,1.18
NA,1.11
NA,1.09
NA,1.16
NA,0.89
NA,1.18
NA,1.29
NA,0.98
NA,1.13
NA,1.03
NA,1.02
NA,0.81
NA,1.65
NA,1.3
NA,0.59
NA,0.73
NA,0.74
NA,0.98
NA,0.81
"a1 50",NA
NA,NA
NA,1.83
NA,NA
"a2 50",NA
NA,2.88
NA,2.67
NA,2.75
NA,1.48
NA,1.99
NA,2.35
NA,2.44
NA,2.92
NA,1.83
NA,1.58
NA,1.47
NA,1.45
NA,1.6
NA,2.35
NA,3.04
NA,2.74
NA,2.92
NA,3.25
NA,3.06
NA,3.26
NA,2.32
NA,2.8
NA,3.01
NA,2.64
NA,3.6
NA,2.63
NA,3.32
NA,2.84
NA,2.08
NA,2.1
NA,1.26
"a2 50",NA
NA,NA
NA,2.83
NA,NA
"a3 50",NA
NA,5.67
NA,5.47
NA,5.45
NA,5.87
NA,5.71
NA,6.24
NA,5.96
NA,6.07
NA,6.89
NA,6.44
NA,6.61
NA,6.71
NA,6.29
NA,7.4
NA,5.27
NA,6.49
NA,6.86
NA,7.66
NA,7.49
NA,4.87
NA,5.2
NA,5.76
NA,7.19
NA,6.92
NA,7.05
NA,4.98
NA,7.43
NA,8.01
NA,4.11
NA,5.46
NA,7.38
NA,7.04
"a3 50",NA
NA,NA
NA,NA
"a4 50",NA
NA,7.13
NA,6.44
NA,9.4
NA,9.78
NA,9.41
NA,11.25
NA,11.68
NA,10.61
NA,11.96
NA,12.22
NA,9.85
NA,10.67
NA,10.17
NA,12.26
NA,10.43
NA,10.62
NA,12.75
NA,10.46
NA,9.73
NA,11.67
NA,11.75
NA,11.1
NA,12.03
NA,11.91
NA,11.28
NA,11.55
NA,11.87
NA,11.11
NA,8.32
NA,9.45
"a4 50",NA
NA,NA
NA,1.82
NA,NA
"d1 12.5",NA
NA,0.79
NA,0.95
NA,0.69
NA,0.8
NA,0.87
NA,0.88
NA,0.72
NA,0.55
NA,0.64
NA,0.92
NA,0.83
NA,0.76
NA,0.87
NA,0.77
NA,0.84
NA,0.7
NA,0.71
NA,0.56
NA,0.67
NA,0.71
NA,0.66
NA,0.44
NA,0.89
NA,0.77
NA,1.1
NA,1.01
NA,1.03
NA,0.53
NA,0.66
NA,0.79
"d1 12.5",NA
NA,NA
NA,0.55
NA,NA
"d2 12.5",NA
NA,0.56
NA,0.83
NA,1.02
NA,0.7
NA,0.67
NA,0.66
NA,0.54
NA,0.62
NA,0.78
NA,0.6
NA,0.84
NA,0.76
NA,0.94
NA,0.99
NA,0.71
NA,0.76
NA,0.57
NA,0.62
NA,0.73
NA,0.54
NA,0.68
NA,0.61
NA,0.79
NA,0.89
NA,0.41
NA,0.52
NA,0.35
NA,0.5
NA,0.62
NA,0.76
NA,0.7
"d2 12.5",NA
NA,NA
NA,1.45
NA,NA
"d3 12.5",NA
NA,3.35
NA,3.38
NA,2.79
NA,2.73
NA,3.59
NA,1.67
NA,1.9
NA,2.05
NA,1.86
NA,3.21
NA,3.23
NA,2.45
NA,2.62
NA,2.37
NA,2.93
NA,2.89
NA,2.61
NA,2.02
NA,2.93
NA,2.87
NA,2.75
NA,2.3
NA,2.15
NA,2.81
NA,2.9
NA,2.69
NA,2.13
NA,1.92
NA,2.64
NA,2.68
"d3 12.5",NA
NA,NA
NA,1.46
NA,NA
"d4 12.5",NA
NA,1.32
NA,1.16
NA,1.04
NA,0.84
NA,0.87
NA,0.83
NA,1.15
NA,1.06
NA,1.17
NA,1.86
NA,1.68
NA,0.91
NA,1.47
NA,1.48
NA,1.55
NA,1.13
NA,1.19
NA,0.75
NA,2.21
NA,1.7
NA,1.19
NA,0.88
NA,0.89
NA,1.03
NA,0.95
NA,0.76
NA,0.74
NA,1.09
NA,0.94
NA,1.88
"d4 12.5",NA
NA,NA
NA,0.67
NA,NA
"d5 12.5",NA
NA,0.5
NA,0.68
NA,0.6
NA,0.63
NA,0.61
NA,0.59
NA,0.47
NA,0.56
NA,0.65
NA,0.76
NA,0.47
NA,0.69
NA,0.6
NA,0.49
NA,0.78
NA,0.58
NA,0.68
NA,1.18
NA,0.83
NA,0.36
NA,0.96
NA,0.92
NA,0.49
NA,0.73
NA,0.79
NA,1.07
NA,0.65
NA,0.63
NA,0.63
NA,0.65
NA,0.44
"d5 12.5",NA
NA,NA
NA,0.74
NA,NA
"v1 12.5",NA
NA,0.56
NA,0.47
NA,0.62
NA,0.54
NA,0.55
NA,0.5
NA,0.46
NA,0.68
NA,0.73
NA,0.5
NA,0.39
NA,0.39
NA,0.57
NA,0.64
NA,0.9
NA,0.88
NA,0.67
NA,0.55
NA,0.65
NA,0.63
NA,0.47
NA,0.65
NA,0.72
NA,0.52
NA,0.64
NA,0.67
NA,0.87
NA,0.65
NA,0.6
NA,0.58
"v1 12.5",NA
NA,NA
NA,0.88
NA,NA
"v2 12.5",NA
NA,0.55
NA,0.49
NA,0.5
NA,0.45
NA,0.51
NA,0.5
NA,0.49
NA,0.55
NA,0.58
NA,0.47
NA,0.52
NA,0.44
NA,0.5
NA,0.34
NA,0.46
NA,0.44
NA,0.55
NA,0.55
NA,0.63
NA,0.86
NA,0.37
NA,0.51
NA,0.83
NA,0.61
NA,0.79
NA,0.52
NA,0.43
NA,0.53
NA,0.58
NA,0.93
NA,0.82
NA,0.52
"v2 12.5",NA
NA,NA
NA,0.79
NA,0.87
NA,0.83
NA,NA
"v3 12.5",NA
NA,0.65
NA,0.66
NA,0.69
NA,0.7
NA,0.66
NA,0.56
NA,0.48
NA,0.58
NA,0.74
NA,0.65
NA,0.67
NA,0.59
NA,0.84
NA,0.95
NA,0.78
NA,0.62
NA,0.92
NA,0.79
NA,0.52
NA,0.59
NA,0.6
NA,0.79
NA,0.56
NA,0.68
NA,0.63
NA,0.64
NA,0.62
NA,0.64
NA,0.73
NA,0.71
NA,1.44
"v3 12.5",NA
NA,NA
NA,0.69
NA,NA
"hdv1 12.5",NA
NA,0.61
NA,0.54
NA,0.54
NA,0.57
NA,0.63
NA,0.63
NA,0.51
NA,0.52
NA,0.48
NA,0.64
NA,0.57
NA,1.09
NA,0.71
NA,0.42
NA,0.47
NA,0.77
NA,0.71
NA,0.78
NA,0.55
NA,0.36
NA,0.51
NA,0.61
NA,0.52
NA,0.61
NA,0.61
NA,0.75
NA,0.85
NA,0.15
NA,0.42
NA,0.83
"hdv1 12.5",NA
NA,NA
NA,0.64
NA,NA
"hdv2 12.5",NA
NA,0.62
NA,0.6
NA,0.47
NA,0.33
NA,0.38
NA,0.44
NA,0.4
NA,0.38
NA,0.53
NA,0.53
NA,0.49
NA,0.37
NA,0.53
NA,0.51
NA,0.48
NA,0.37
NA,0.26
NA,0.39
NA,0.42
NA,0.65
NA,0.59
NA,0.52
NA,0.54
NA,0.47
NA,0.39
NA,0.42
NA,0.45
NA,0.71
NA,0.36
NA,0.29
"hdv2 12.5",NA
NA,NA
NA,0.46
NA,NA
"hdv3 12.5",NA
NA,0.34
NA,0.38
NA,0.3
NA,0.44
NA,0.49
NA,0.52
NA,0.37
NA,0.41
NA,0.36
NA,0.38
NA,0.39
NA,0.39
NA,0.32
NA,0.44
NA,0.37
NA,0.4
NA,0.33
NA,0.35
NA,0.3
NA,0.48
NA,0.29
NA,0.32
NA,0.38
NA,0.4
NA,0.3
NA,0.34
NA,0.4
NA,0.34
NA,0.4
NA,0.23
"hdv3 12.5",NA
NA,NA
NA,0.64
NA,NA
"hdv4 12.5",NA
NA,0.55
NA,0.49
NA,0.56
NA,0.63
NA,0.62
NA,0.53
NA,0.44
NA,0.53
NA,0.54
NA,0.56
NA,0.5
NA,0.5
NA,0.75
NA,0.74
NA,0.68
NA,0.48
NA,0.58
NA,0.67
NA,0.53
NA,0.56
NA,0.52
NA,0.48
NA,0.44
NA,0.44
NA,0.33
NA,0.57
NA,0.41
NA,0.7
NA,0.55
NA,0.43
"hdv4 12.5",NA
NA,NA
NA,0.5
NA,0
NA,NA
"d1 50",NA
NA,1.93
NA,1.35
NA,2.22
NA,2.03
NA,2.13
NA,2.64
NA,2.21
NA,3.32
NA,2.78
NA,2.56
NA,2.85
NA,2.64
NA,2.02
NA,2.47
NA,2.24
NA,3.02
NA,3.01
NA,2.64
NA,2.6
NA,2.2
NA,2.33
NA,2.85
NA,3.55
NA,2.24
NA,3.36
NA,2.91
NA,2.27
NA,2.02
NA,2.09
NA,2.04
"d1 50",NA
NA,NA
NA,1.66
NA,NA
"d2 50",NA
NA,1.73
NA,1.67
NA,1.38
NA,1.55
NA,1.63
NA,1.43
NA,1.81
NA,2.24
NA,1.97
NA,1.5
NA,1.65
NA,1.85
NA,2.19
NA,1.44
NA,1.87
NA,1.79
NA,1.4
NA,1.45
NA,1.34
NA,1.34
NA,1.61
NA,1.49
NA,1.69
NA,2.5
NA,1.55
NA,1.58
NA,1.73
NA,1.78
NA,1.83
NA,1.72
"d2 50",NA
NA,NA
NA,3.55
NA,NA
"d3 50",NA
NA,3.29
NA,3.09
NA,2.29
NA,2.43
NA,2.64
NA,1.95
NA,1.71
NA,1.51
NA,3.31
NA,3.64
NA,3.61
NA,2.33
NA,2.18
NA,2.07
NA,2.43
NA,3.6
NA,3.27
NA,2.87
NA,3.22
NA,2.88
NA,2.66
NA,2.81
NA,2.99
NA,3.28
NA,2.69
NA,2.66
NA,3.36
NA,3.02
NA,3.38
NA,3.95
NA,4.12
"d3 50",NA
NA,NA
NA,2.72
NA,NA
"d4 50",NA
NA,1.88
NA,1.97
NA,1.7
NA,1.17
NA,1.32
NA,1.42
NA,1.46
NA,1.31
NA,1.42
NA,1.35
NA,1.71
NA,1.52
NA,2.12
NA,1.66
NA,1.68
NA,2.58
NA,1.42
NA,2.02
NA,1.66
NA,2.35
NA,2.56
NA,2.63
NA,2.25
NA,1.98
NA,2.2
NA,2.76
NA,2.24
NA,1.89
NA,2.38
NA,1.66
NA,1.3
"d4 50",NA
NA,NA
NA,1.09
NA,NA
"d5 50",NA
NA,0.68
NA,0.52
NA,0.69
NA,0.69
NA,1.03
NA,1.34
NA,0.94
NA,1.34
NA,1.03
NA,0.93
NA,2.51
NA,0.97
NA,2.66
NA,2.34
NA,2.14
NA,1.86
NA,1.68
NA,0.79
NA,0.81
NA,1.04
NA,0.97
NA,0.88
NA,2.42
NA,1.46
NA,0.88
NA,1.02
NA,0.65
NA,1.03
NA,0.66
NA,0.79
NA,0.64
"d5 50",NA
NA,NA
NA,1.23
NA,NA
"v1 50",NA
NA,2.58
NA,2.49
NA,1.87
NA,1.77
NA,1.71
NA,2.51
NA,2.47
NA,2.47
NA,2.41
NA,2.35
NA,2.05
NA,2.56
NA,2.71
NA,3.07
NA,2.77
NA,3.4
NA,2.92
NA,3.06
NA,2.29
NA,3.72
NA,4.12
NA,3.33
NA,3.78
NA,3.27
NA,3.32
NA,4.89
NA,3.9
NA,4.64
NA,5.28
NA,6.11
NA,6.99
"v1 50",NA
NA,NA
NA,1.94
NA,NA
"v2 50",NA
NA,1.25
NA,0.98
NA,0.76
NA,1.27
NA,0.94
NA,0.76
NA,0.92
NA,0.92
NA,1.04
NA,0.68
NA,1.04
NA,1.04
NA,1.08
NA,0.97
NA,0.88
NA,0.51
NA,0.67
NA,0.98
NA,0.9
NA,0.87
NA,1.01
NA,0.9
NA,0.69
NA,0.71
NA,0.54
NA,0.86
NA,0.79
NA,0.66
NA,0.88
NA,0.81
"v2 50",NA
NA,NA
NA,1.49
NA,NA
"v3 50",NA
NA,2.11
NA,2.24
NA,2.02
NA,2.2
NA,2.99
NA,3.42
NA,2.36
NA,2.42
NA,2.51
NA,2.63
NA,2.35
NA,2.13
NA,3.49
NA,3.7
NA,3.17
NA,2.23
NA,1.94
NA,2.28
NA,2.55
NA,3.49
NA,5.04
NA,5.96
NA,5.77
NA,6.26
NA,6.28
NA,6.7
NA,6.21
NA,5.27
NA,6.27
NA,5.96
NA,6.6
NA,7.36
NA,6.92
NA,6.38
NA,7.4
NA,2.95
NA,1.71
"v3 50",NA
NA,NA
NA,1.47
NA,NA
"hdv1 50",NA
NA,2.56
NA,2.48
NA,2.61
NA,2.4
NA,2.84
NA,2.7
NA,2.69
NA,1.92
NA,1.74
NA,1.57
NA,2.13
NA,1.77
NA,2.25
NA,2.28
NA,1.3
NA,1.81
NA,1.93
NA,1.74
NA,2.1
NA,1.67
NA,2.17
NA,1.67
NA,2.28
NA,1.96
NA,1.61
NA,1.62
NA,1.93
NA,2.27
NA,1.76
NA,1.49
NA,2.8
"hdv1 50",NA
NA,NA
NA,1.46
NA,NA
"hdv2 50",NA
NA,1.59
NA,1.71
NA,1.5
NA,1.39
NA,1.51
NA,1.92
NA,1.65
NA,1.4
NA,1.87
NA,1.82
NA,1.82
NA,2.62
NA,1.77
NA,1.18
NA,1.32
NA,1.66
NA,1.02
NA,1.4
NA,2.61
NA,1.61
NA,1.64
NA,1
NA,1.26
NA,0.92
NA,1.22
NA,1.19
NA,1.02
NA,0.78
NA,0.83
NA,1
NA,0.83
NA,0.67
"hdv2 50",NA
NA,NA
NA,0.58
NA,NA
"hdv3 50",NA
NA,1.66
NA,0.59
NA,0.61
NA,1.65
NA,0
NA,0.65
NA,0.43
NA,0.65
NA,0.59
NA,0.74
NA,0.88
NA,0.74
NA,1.23
NA,0.89
NA,0.91
NA,0.99
NA,0.96
NA,1.08
NA,0.87
NA,0.91
NA,1.53
NA,1.28
NA,0.99
NA,1.48
NA,1.44
NA,0.88
NA,0.99
NA,1.29
NA,1.23
NA,1.47
"hdv3 50",NA
NA,NA
NA,NA
"hdv4 50",NA
NA,2.3
NA,2.09
NA,3.09
NA,3.55
NA,3.06
NA,3.45
NA,3.48
NA,2.74
NA,4.37
NA,2.88
NA,2.5
NA,3.78
NA,3.87
NA,3.38
NA,5.29
NA,4.24
NA,6.34
NA,4.92
NA,3.52
NA,5.93
NA,4.59
NA,5.05
NA,5.24
NA,2.71
NA,3.59
NA,2.96
NA,2.38
NA,2.88
NA,3.18
NA,4.8
NA,5.15
NA,4.73
"hdv4 50",NA
NA,NA
NA,NA
NA,NA
"45008",NA
"0.18",NA
